view_duration,category_count,cart_addition_count,cart_abandonment_rate,purchase_frequency,total_spending,segment
324.83570765056163,12,7,0.1193700315892974,14,1930.8678494144076,loyal
313.95206461000686,12,5,0.004116898859160489,6,2505.257642403263,loyal
311.6547619529872,6,6,0.03668090197068676,14,2058.99730617175,loyal
169.37254936531994,5,5,0.1223705789444759,14,2475.1848411984515,loyal
287.44780159571116,7,6,0.10284688768272232,13,1918.066441752615,loyal
306.110958261134,9,3,0.013010318597055905,8,1742.2821689537734,loyal
304.75628921585684,14,3,0.003193250444042839,6,2332.327171374926,loyal
269.91466938853017,11,6,0.09903538202225404,7,2926.139092254469,loyal
288.5274773084022,12,6,0.06234221521788219,10,2194.6744566280618,loyal
316.14998986391487,6,4,0.08995082667395314,14,1303.291529563648,loyal
310.93191580269314,12,8,0.039196572483829045,13,2440.8805194743054,loyal
313.1743020115105,12,4,0.1930510614528276,13,2820.885558007038,loyal
257.82900383203577,13,9,0.08468029614127393,5,1743.337297301417,loyal
329.10613973565194,7,5,0.15425406933718916,9,2443.8742297966787,loyal
310.5793506163008,11,3,0.12465962536551159,6,2298.522323089538,loyal
287.712615628648,12,7,0.1459212356676128,12,1615.1661131669457,loyal
322.8942538500008,7,7,0.19434241907782077,7,1157.8563108170592,loyal
318.0697802754207,11,5,0.10454656587639882,14,2769.0182832329847,loyal
304.35235341190855,8,7,0.10171413823294057,9,1850.4963247670662,loyal
273.27917731632476,8,7,0.0153959819657586,7,1252.473064592832,loyal
325.07241657624024,10,6,0.16073441537982291,8,2579.093326466014,loyal
304.853877467402,14,9,0.17921825998469865,11,2484.3224952664445,loyal
287.09076007318305,13,6,0.07051377126683381,7,2230.477807710147,loyal
300.255672832123,13,8,0.04442156209414605,7,1882.7064333124265,loyal
254.650638729756,10,3,0.08076723421160817,5,1591.3229224385855,loyal
257.69914917721474,11,4,0.1424541179848884,9,1588.7553156099689,loyal
303.01151049705135,10,9,0.05572929284732229,5,3231.621056242643,loyal
371.675774364496,9,6,0.08955663291461834,10,2532.896854274652,loyal
338.3648419353202,12,5,0.048431987655485176,10,1425.1037112528206,loyal
370.13971554680495,10,8,0.1071549368149517,5,1299.0744686038597,loyal
301.4049731674101,7,6,0.06519178104037696,8,1401.4564683308486,loyal
300.45721728700687,7,6,0.12903455808189,8,1817.2303515837286,loyal
292.8268885184655,11,4,0.1675420211814656,13,2308.501887857565,loyal
282.16274871159027,14,3,0.10332717825420286,5,2278.0608992669827,loyal
283.7754521085553,9,7,0.17652726863786794,11,1897.0666414522475,loyal
238.1524644560959,7,6,0.17741728485302347,12,1339.7716934578618,loyal
342.6998893247451,13,5,0.19473276735106348,6,2894.2969286627313,loyal
308.7416505995736,10,5,0.13039225190052012,13,1391.5725538203806,loyal
233.49629672426076,12,9,0.14418798485042586,5,1987.356187214436,loyal
331.71201481321447,10,9,0.050092363721116834,10,3530.54760718913,loyal
299.4278276265136,12,5,0.08687887310208574,9,2206.677043811823,loyal
436.7211079530871,5,7,0.04603705364831106,7,2046.8827150759735,loyal
373.9924387599276,5,6,0.18809171687058288,9,2198.3871406355643,loyal
316.3611693182933,9,7,0.08563682966346287,9,2253.287650836266,loyal
316.8199381893126,8,9,0.061139403857436374,11,2025.314905457583,loyal
294.43980000948653,6,3,0.07893829336189445,10,1125.4652829141933,loyal
331.5037469300504,12,4,0.12300144533983395,10,2881.4687361516144,loyal
234.71512229794547,14,4,0.0645101528477201,12,1624.6190784661635,loyal
354.1525621587638,11,7,0.0593020287295597,14,2526.9010260174514,loyal
315.2224559935426,14,9,0.10030325893743992,8,2128.6037454900534,loyal
366.5440663986043,7,9,0.005523354374740941,6,2494.1013052520557,loyal
308.2511399054669,10,5,0.09311960362649203,10,1572.0355410853158,loyal
279.2734097305054,8,4,0.16452011213193166,10,2040.0993562704073,loyal
200.4231106734293,12,7,0.054308583163948376,9,2213.012933417001,loyal
360.51993165683194,8,8,0.10812702432202131,11,1924.3820172538854,loyal
294.6402762419437,7,6,0.14880852859982308,14,1756.891357123438,loyal
325.24936394902284,9,3,0.034658864014169156,5,2432.8775970850606,loyal
222.5585660087954,10,3,0.13203947534354626,9,1828.4354679479509,loyal
313.55308743711316,9,8,0.1460078633123637,7,3122.4033030052815,loyal
263.4629298385173,9,8,0.0028786977259511737,9,1360.040133368435,loyal
285.96725623295896,8,7,0.09483476581746504,14,1698.0120402511259,loyal
334.95461909299945,8,3,0.09293476258792228,9,2299.948316855503,loyal
381.62056519658177,9,6,0.009060801954408905,14,1284.9293110196836,loyal
302.9254451153422,5,7,0.13679275387962822,12,3173.998464225161,loyal
317.2034065701011,8,6,0.07763398524130438,5,2463.116271442517,loyal
406.65166873281333,9,6,0.07722052756015485,5,1023.9561002387491,loyal
242.75257399642993,6,7,0.01888859215118568,7,2295.658058463991,loyal
361.51056768221895,14,4,0.0046543871471651736,6,1354.387818901265,loyal
298.57892712004667,14,7,0.06966732089063947,12,1141.7877770280143,loyal
340.643105941948,13,6,0.03548790875594456,13,2314.8144209618063,loyal
393.52119489077586,7,6,0.07440361715855663,11,2844.008516184457,loyal
352.1837822684375,9,6,0.08579880547500368,11,2114.48926909427,loyal
279.6042323614352,5,3,0.10105047448957144,13,2130.811527986233,loyal
334.09764856474817,5,6,0.002167530296059672,13,1844.866621703272,loyal
279.4354704670093,8,5,0.098605131554361,9,2492.011772281545,loyal
310.0953720901398,8,5,0.04254557900484579,9,1597.631657462252,loyal
331.2059908526078,9,4,0.19484964170688204,14,2314.17275463214,loyal
348.7559866708876,6,9,0.028598336410567173,14,1926.4713092489308,loyal
304.50362934908304,10,9,0.08521829500938823,12,2041.3652179002395,loyal
276.44808471908385,9,8,0.1973279157002351,5,2116.0249686788184,loyal
284.13156073646786,11,3,0.11837774776425687,8,2229.2206482809897,loyal
264.0777889373782,10,9,0.08484440184939526,14,1893.2764241440764,loyal
263.783310232645,6,6,0.11429460504100214,8,1062.1106807180286,loyal
363.55691129904574,13,9,0.09554297817604554,13,2385.43155073202,loyal
282.8399381684416,10,4,0.0024308949379632685,9,2228.8382272144195,loyal
291.59646053972347,7,6,0.015086909417953855,13,2142.587662324827,loyal
264.90932787362,5,7,0.13938501117276297,7,1516.4444726995166,loyal
294.4534032185245,9,4,0.037624231944752264,14,2488.1545632405514,loyal
232.37747225450016,9,3,0.05198997257085254,10,1720.7898152836199,loyal
386.387381371713,7,7,0.1881063654270767,7,1253.6993177921536,loyal
337.0981508264733,6,4,0.18654569667080267,6,2738.3293127148145,loyal
238.41346162450873,12,3,0.15552045674704512,6,2094.7924600802944,loyal
214.34327354545613,10,5,0.16842378462714175,5,2676.9361870827065,loyal
177.38676993421333,5,7,0.011275099330185424,10,1549.353090667666,loyal
317.12284590037575,9,8,0.1826331504515286,11,2955.764803254714,loyal
277.4967264260378,13,8,0.050288487902359694,8,2311.4249661737495,loyal
335.5807439044445,6,6,0.05373449640506148,11,1437.6789540810655,loyal
312.1166843041556,10,5,0.10403270022239869,5,3023.699460565119,loyal
403.03739624409934,13,3,0.026803045690128147,11,2877.6704212216023,loyal
332.2687974792574,6,5,0.04259283230178215,10,2684.3157787661744,loyal
310.1556773973253,6,4,0.12732886432445653,7,2024.7863646497021,loyal
286.5296582777721,10,3,0.15673060254822863,11,2358.7711278979814,loyal
395.2953618463497,8,4,0.1853175250322989,14,2113.8011604652456,loyal
306.402053427923,6,7,0.04182615821570284,7,1759.3308253601374,loyal
191.25587486734514,10,6,0.036376016879828964,12,3016.07126297961,loyal
349.855761094891,6,7,0.03845780376173416,7,1882.340629046374,loyal
274.8381257167126,14,7,0.006360936297033027,10,2522.6563965038054,loyal
294.6484820022721,14,8,0.07285397220961509,14,1482.378838790313,loyal
294.9025243760072,13,9,0.12558007789818157,12,2021.0670408709645,loyal
294.3835975154585,5,3,0.11945561645108611,8,1889.5152002333884,loyal
272.6360081831239,10,8,0.1236509543060592,11,1385.972990438188,loyal
389.03647190726116,14,8,0.02954781838124534,7,2126.2398941717925,loyal
328.8278481527883,6,4,0.07082933415862509,7,2155.625077271768,loyal
259.47470765103907,9,6,0.004014239555545274,13,1547.7290581064644,loyal
221.97470428086646,8,3,0.13582046382889792,7,2103.3447315005387,loyal
285.09473653235176,8,9,0.14736449507898258,12,3086.421147686653,loyal
373.97169639144124,14,3,0.06748936677438362,8,2993.068203113441,loyal
346.3088773765821,12,5,0.19730304975859594,9,2954.708320235065,loyal
269.14547958565623,8,8,0.03731340481026115,12,1370.5789792239025,loyal
174.86202391688923,8,9,0.17932205259480416,8,2342.3211007775844,loyal
271.16143347158334,12,8,0.1337286439848862,13,2377.695612912878,loyal
314.2990083094142,14,5,0.16771651174052496,9,2891.556417687528,loyal
271.77214983652124,7,6,0.10152207573689101,5,1498.976638185633,loyal
392.34901657238015,10,7,0.1012207912718694,8,2132.977634677216,loyal
344.096495519162,10,4,0.09085359444381993,9,1157.5639305161303,loyal
350.31464046072205,5,9,0.13630054444478587,5,1711.5540652384257,loyal
296.41629817212817,10,9,0.1588578899932925,5,1488.0907402554728,loyal
322.5757971009485,6,8,0.18658761341999094,13,2321.9013008521592,loyal
274.5797022553124,5,8,0.00961892879281754,12,1379.0797416472333,loyal
326.5958446109423,7,7,0.03728099735762882,7,2348.1755633262437,loyal
314.48874284482065,8,3,0.17544010816262168,13,3037.7003993227195,loyal
274.96068087912033,12,8,0.17993348905843465,10,2953.5094509552778,loyal
183.68241432501117,5,3,0.07107249036367917,11,2755.401609057263,loyal
262.64460555298683,12,5,0.10856986212268178,10,2027.4596493261286,loyal
308.25971900602883,12,4,0.02785441453267745,5,2284.468337234821,loyal
348.2961003979795,8,7,0.030334975946550238,5,2041.0274355763988,loyal
348.5038888956863,5,8,0.040908918633892656,6,2360.3865245702887,loyal
323.9489912873196,5,8,0.16425146093440257,8,2166.8310526434743,loyal
412.859914054657,12,7,0.09727149639912157,8,1533.1809453685376,loyal
348.1925159357681,7,5,0.11310166946459477,14,2486.778723760062,loyal
261.3105400448213,14,8,0.04547019660599741,11,1377.6726483442915,loyal
332.71828281770286,14,7,0.027823238828612373,6,1972.2076645447726,loyal
289.8576890164924,8,6,0.15801692742481735,9,2023.4577174751294,loyal
260.4762772277344,14,3,0.0848261342604772,12,2235.734178567998,loyal
283.5363146472091,14,8,0.03726417589882414,11,1764.859276635278,loyal
426.9345550868743,9,9,0.010952327764406267,13,2261.976333553897,loyal
330.81079084840303,14,3,0.022853460011137552,8,1684.793687985183,loyal
341.1585291980957,6,9,0.06939064037924554,6,2036.658983594202,loyal
308.06766129394515,7,8,0.03527739730124466,11,2387.736286244457,loyal
351.9413072555964,10,4,0.0026188913176667275,9,1650.8919858423237,loyal
322.26994122058704,13,3,0.11146107377800958,10,2007.1059444080986,loyal
428.667990162493,11,5,0.04198111861911716,7,2029.609217007244,loyal
277.59864300998845,5,7,0.07554518948803386,12,937.9509628349133,loyal
217.46321402757195,7,9,0.10552954602895717,10,2350.4711307230386,loyal
196.08116725405284,10,5,0.031048049186142502,5,1379.6799611562146,loyal
271.6140482612155,7,4,0.05414893462871076,6,1889.2389516576416,loyal
281.9054514383498,6,9,0.13178478838203028,5,1965.2050885434949,loyal
218.8738184901124,11,5,0.10110157582120677,12,2170.4941761385667,loyal
304.9372888818667,7,5,0.13054922157037493,12,1934.827427006396,loyal
287.98373009209325,12,8,0.16604397291339834,8,1812.5895962252011,loyal
215.33669126451053,6,9,0.12664815498219212,5,1549.7335574064282,loyal
316.3066511121059,6,4,0.1821248007080608,9,1374.4432118073487,loyal
237.92493845254387,6,5,0.11805898850296155,8,1591.8472954725771,loyal
235.97853237518586,13,4,0.17221360399494434,7,2877.3970909921823,loyal
348.5911345086368,5,4,0.0044938616640234795,13,1984.5208746817134,loyal
407.7619769216536,11,3,0.027871214814564827,8,2336.128642206886,loyal
355.1512633388891,10,4,0.10593233573101622,14,2575.712687232366,loyal
218.52035070118365,5,7,0.13028407767037284,14,2275.9318276547506,loyal
271.9316570452171,10,7,0.05273676052692329,10,2157.1018664752255,loyal
254.67106634904798,13,7,0.03507425572468992,5,2422.2211755146845,loyal
207.95628843341774,14,8,0.00939319335501101,10,1360.2115166321491,loyal
282.599345685158,8,5,0.04906982193626419,9,2099.279181448146,loyal
288.7497048314812,8,3,0.14430657222438112,12,2603.796085215131,loyal
252.53005555840286,12,8,0.027000255484241387,12,3316.1910324186956,loyal
330.37834321656794,5,8,0.1910472625446958,6,1240.4100085069115,loyal
275.99387051018533,13,3,0.07030803222684377,5,3149.2344308674164,loyal
398.7513676815391,14,3,0.049280406647821365,7,1976.3676736854954,loyal
284.6107191660094,5,7,0.15800271175837122,13,1670.5507890118986,loyal
234.0326055431297,12,5,0.14644497728191225,9,1886.877390495662,loyal
340.24015893669025,10,3,0.180672762527205,14,2465.1266729767704,loyal
307.24687073905903,14,9,0.19987069991316697,14,1808.7584912709542,loyal
340.92423673192695,9,9,0.059469801474510156,12,2066.923827123,loyal
356.45347187675713,11,5,0.06382009464865113,14,1959.7921131455037,loyal
367.3927890664518,12,5,0.11213543880070281,6,2648.703057431312,loyal
303.9828928763793,14,9,0.08089708993637015,11,2506.658018027677,loyal
320.6285198322061,10,3,0.147571153381305,5,1035.1577018429214,loyal
313.35251329346295,6,9,0.09238857011511753,6,2444.8153978117184,loyal
335.6699795102723,7,5,0.1995868221066675,8,2023.5086065618725,loyal
298.7861360054029,12,6,0.19681669383985903,14,1722.3880004356192,loyal
286.6841335738648,8,7,0.14645436143692903,5,1667.7325351788936,loyal
284.98197559556854,6,6,0.14311066304684839,9,1597.6065416698375,loyal
298.2657556306609,5,3,0.13592945653861396,14,2117.10736626826,loyal
267.57240719703145,10,9,0.17582366151243295,12,2400.9286660200833,loyal
415.48613777030937,13,9,0.19823372522739532,12,1668.051543226667,loyal
308.3226104106528,9,5,0.10253770220330172,14,2246.2256320040747,loyal
293.5894236952445,13,3,0.19145405259666515,12,1749.430016360715,loyal
275.2015476836765,11,3,0.10365207333527844,8,1915.9425521873532,loyal
371.0252123994927,5,5,0.16316662499812357,10,1714.6268531252617,loyal
368.9137393167862,13,3,0.178984288245568,9,2341.7928726005416,loyal
269.3605654757807,13,5,0.19113029964595069,14,1806.1492200320079,loyal
327.1749551394671,9,5,0.01739735198228203,12,2541.8048269527353,loyal
288.22716388976534,6,8,0.19242439451840998,9,2051.0644604355166,loyal
302.16358473721453,7,4,0.11426378838391482,12,2515.236710217915,loyal
334.0945744813156,5,8,0.10425206243608298,12,2923.3536628680167,loyal
268.10734516352795,13,7,0.16740266567273443,13,1762.9272094382716,loyal
253.58652742917747,9,5,0.19226305763698148,13,2297.1844044615846,loyal
281.4838315701352,11,9,0.0002240222960218974,6,1583.2205063603665,loyal
301.43724114674086,11,4,0.057407626634982556,5,2639.2259313036493,loyal
250.4409845194975,6,6,0.0018144809305449929,7,2077.2036384808457,loyal
280.45307151673876,11,4,0.08644815677850247,6,1664.7842164768704,loyal
360.4490972053233,9,7,0.15776139637414888,8,1279.2528759681923,loyal
277.6783192724736,5,6,0.01347012029375434,14,2097.0449964491536,loyal
265.2289185055012,12,5,0.17048293183972954,8,1979.2149512287376,loyal
355.18334712629024,11,7,0.004424710305799451,10,2862.708137527733,loyal
356.830238585228,14,9,0.08918054127534968,6,1771.5163382112876,loyal
238.50653108795927,11,7,0.13873644515629774,8,1911.129839256297,loyal
323.1861928695216,8,8,0.026267025281875613,7,2288.9084454405697,loyal
332.51005889793305,9,5,0.19290409445404172,7,1950.4120681103086,loyal
344.8944269380171,6,7,0.04007182870974253,5,1896.7164157843354,loyal
237.4230287904778,12,6,0.03710510314062423,5,2721.88230203663,loyal
381.3259735849841,11,5,0.1593595655728055,9,759.3525067173991,loyal
291.91871272687644,11,3,0.12146128965253425,8,1329.3626644908568,loyal
232.08644016383238,13,6,0.012841787415026819,10,1841.9510657817366,loyal
344.53690418874453,12,5,0.1968702814805808,5,1141.1031881191839,loyal
277.38468403754615,10,5,0.13899637722530853,5,788.0603366855216,loyal
346.9924051764844,13,3,0.02055848089853314,10,2423.006772335634,loyal
375.1699150883575,14,4,0.06529226164879838,6,2438.6811452878355,loyal
351.1570602343613,5,7,0.01571569943100415,10,2045.7928693468816,loyal
331.60580506341887,6,4,0.03349651645181395,5,1510.6166760693732,loyal
310.52839888142927,13,9,0.12258883497312119,13,2440.1481246266244,loyal
334.9111656806795,6,6,0.16034561661395838,11,2196.742692710875,loyal
332.5704640463511,10,4,0.1567665106837724,7,2988.2721368641137,loyal
384.2824150709582,11,6,0.03190893602263767,7,1769.8522779030766,loyal
248.4211876564921,11,7,0.13174155510017524,7,1735.3508812268901,loyal
234.43894949124424,12,3,0.09865536935675992,14,2599.222476415843,loyal
231.51509101574663,10,9,0.04071565606844854,11,1762.9128417850482,loyal
354.5523051082334,14,7,0.16924905840380988,9,1944.6332854596521,loyal
238.71171684988295,8,6,0.008021838282496497,5,1267.8125598950899,loyal
429.6785751929431,14,7,0.07910303396980306,8,2206.1092011219666,loyal
218.35238597290083,7,4,0.1824726691233382,7,1713.6157877257372,loyal
373.8270174862948,5,5,0.1552000414070859,8,2690.0456770737255,loyal
316.1900063802973,13,8,0.019478678510710435,12,1854.2550105032549,loyal
390.58460280595136,11,8,0.1304246491060876,13,2442.3632108770685,loyal
235.2659262139547,12,6,0.026174732143669967,11,2580.4133936892595,loyal
222.20506747550525,7,8,0.03395158101750815,14,1863.8020147500956,loyal
397.55171490100093,13,3,0.08988676704274755,12,1705.010704792778,loyal
375.03798953171554,10,6,0.07587171798448476,9,2425.1108710567464,loyal
325.1907847794777,5,3,0.14107711882244073,12,923.0603776442135,loyal
351.5141727015921,8,4,0.19733859607143234,13,2119.3945795132568,loyal
336.381477181849,5,9,0.044940235394536,9,2025.9729429036497,loyal
290.50028064088104,5,5,0.008314571810078419,14,2224.1951468079305,loyal
275.9526936370954,6,3,0.12782398756310007,13,772.437487138857,loyal
222.77677531967663,6,9,0.13337285150922087,8,2251.714541300939,loyal
263.365790437119,9,3,0.1461658949741753,10,2252.7135733124087,loyal
290.4658799618327,6,3,0.16762305792962207,14,2108.7164365898616,loyal
294.8577918431965,6,3,0.1661754382683411,12,1986.6028266821681,loyal
279.8982594827388,13,8,0.18373555939870087,5,2139.5152127312695,loyal
331.93651110145925,9,7,0.11543704734234964,6,1428.4975436347581,loyal
296.7930826703504,13,7,0.11340325219733356,13,2164.3812051517402,loyal
315.1199422119112,10,8,0.18513496617614236,7,1607.3234287439734,loyal
329.8700034924929,13,9,0.0871166629625866,5,2350.5863711554493,loyal
306.02499793946504,13,7,0.06491716598005406,14,1485.662833435458,loyal
379.7252531612486,13,3,0.047508826174865494,5,1576.519325840836,loyal
284.84841795009856,7,8,0.12851519378943793,6,1982.648339985055,loyal
187.54521359720303,14,4,0.0958363755259462,9,1658.5038348244386,loyal
304.48040799638045,8,9,0.07887306476367005,11,1409.3030083505992,loyal
329.7377170832643,9,9,0.08617241830760668,9,2426.707779390154,loyal
287.3657155999518,7,9,0.03943082531457547,10,2196.0422648504345,loyal
276.6592527105109,8,7,0.056974580392384566,7,1786.3376587159144,loyal
258.55359595670393,6,4,0.054524800146706756,8,2081.738739583727,loyal
304.5717063779498,11,9,0.17188315865611783,11,2657.201212384736,loyal
392.33132504152366,12,3,0.11346244392578071,14,2111.141358729142,loyal
292.80771145440184,10,9,0.1631497287008562,12,2398.1044042262606,loyal
249.91158607176726,11,8,0.16383777188535806,10,2034.235684264335,loyal
366.26345255191654,14,4,0.07215450382211996,14,2211.0065803534844,loyal
286.2338388247285,14,5,0.15610510304877237,6,2375.687993537973,loyal
334.63496629971064,11,4,0.16190599515368836,7,2228.77131809904,loyal
258.2326473370121,6,7,0.03360284154897269,7,3072.5745638866942,loyal
295.9870476896227,9,3,0.03568919304555442,9,2546.635452729965,loyal
361.2292218813071,14,3,0.07818119918110294,13,2811.6982811495227,loyal
315.71917470274235,7,9,0.13902891080951876,7,1998.9581012899082,loyal
206.58998000224275,13,3,0.003164218353116488,12,1012.9312758320566,loyal
328.44915395926375,11,7,0.01588387379779732,12,2814.198311564269,loyal
356.53516543072504,13,3,0.04533128044539761,13,2857.850917197194,loyal
248.8782310227117,6,6,0.16007130156447233,9,3039.972961845261,loyal
331.5645641630084,7,8,0.046165837830802414,14,1221.6920146015982,loyal
361.3834496236646,11,6,0.13236783796987572,5,1395.1794906543973,loyal
299.38608614438414,8,8,0.11245936317558197,8,2056.7000316363024,loyal
305.52452693497344,13,9,0.10716553689461626,13,2188.980729968437,loyal
183.2213637916686,11,6,0.19483292572560312,10,1750.3513802140014,loyal
360.6548849989592,9,6,0.12471713760055195,6,2070.858456819952,loyal
321.2589421137351,9,6,0.1564056175340772,6,2167.8289948244487,loyal
265.89828084003426,13,7,0.06926435371780071,13,1412.7550587534306,loyal
208.18973134483517,8,8,0.08944050810096714,8,2253.995663456272,loyal
318.26504965108944,9,6,0.04170210287146717,5,2701.0360736089215,loyal
304.09146792737823,7,8,0.17559486408901392,10,1950.5551734044286,loyal
281.9307116409081,13,9,0.0805960357530323,6,1774.949433154888,loyal
278.29449102520095,8,4,0.1281944154690664,13,1728.1102833883301,loyal
263.8909346036514,5,6,0.12127418888667513,5,3314.6063156501364,loyal
369.5103774508657,8,5,0.19055950552025888,10,2278.905153175931,loyal
281.41435483535497,12,7,0.005162381389897397,13,1503.8433669819528,loyal
294.59811501053747,8,4,0.055550524749852226,10,1965.604576782561,loyal
217.17835674144249,7,7,0.15615231721368797,14,2628.2181711725943,loyal
296.0460626196824,6,7,0.12389955028151754,13,1259.8579508962684,loyal
238.46122271169594,9,3,0.15653920814882985,7,1869.8297546391193,loyal
327.4264929267387,5,6,0.12663792520269282,12,1538.7836569942606,loyal
321.8469084873175,8,7,0.1247791672583277,10,2595.323137393171,loyal
247.80135800008708,8,9,0.0899569297642645,7,1895.5197563339848,loyal
241.49434869703202,11,7,0.07741575206712617,9,1099.0097812099903,loyal
298.505476304885,9,8,0.15806754717202964,9,1912.8431474826261,loyal
272.6877775873759,11,7,0.043040374403447504,9,2195.9020027012734,loyal
320.81181834637977,9,4,0.012923335968817229,8,2538.09166066516,loyal
230.60269697167303,9,6,0.05320385560107615,9,1618.879268935209,loyal
240.3470022544882,8,6,0.13034212958219368,7,1979.9557436717232,loyal
231.4049428534322,10,4,0.1570033087674114,5,1193.2193010616293,loyal
357.1163227269176,5,4,0.18606377696756474,12,1439.5888172398063,loyal
407.86541066327516,6,5,0.09002488648395193,5,1697.1425384983309,loyal
267.97532826154077,12,7,0.03003380016340833,5,2084.197596237623,loyal
269.7830464218344,12,3,0.14924145149636772,5,1962.0913020908934,loyal
259.8753633394176,8,5,0.19414999153413404,7,2649.405662423526,loyal
247.65445086590302,14,7,0.1099232087437849,10,2268.326376263643,loyal
260.9143739694016,10,9,0.01643433349528547,5,2439.796293993183,loyal
349.80238429029083,13,3,0.07638792793057919,6,1621.6024557152696,loyal
289.43319572245036,13,4,0.09565105891518476,6,1941.2995704225202,loyal
260.9489785367555,12,4,0.12037631792726443,9,1814.7468491552404,loyal
302.0493394887971,6,5,0.008747125175993898,5,2414.736964615733,loyal
247.7595402989483,14,3,0.032736760293060295,8,1016.8217053119992,loyal
275.80944342294515,7,8,0.002542977997378704,9,1834.2718511376806,loyal
343.02367441798725,11,9,0.1693028677380556,13,1708.4612807155308,loyal
406.44732778727996,9,8,0.1683997105780123,12,2344.339011842713,loyal
235.32206804163508,10,8,0.19693394790490165,10,2117.068773556648,loyal
386.49455772599174,6,7,0.13705960322317468,8,2150.096081300097,loyal
273.5691659125122,7,9,0.16814060560224,10,2293.182009377547,loyal
415.0205042723485,12,5,0.05950969026376412,7,2537.716531552519,loyal
340.117136067506,10,4,0.3804240869788731,2,861.5080061185637,bargain_hunter
267.4586045628385,15,3,0.4020178173144494,2,544.84386373721,bargain_hunter
325.55265999518997,16,4,0.6439420549399575,1,975.1658883125938,bargain_hunter
378.3364496406514,15,3,0.7199819901410913,1,1587.525901886498,bargain_hunter
326.42996461853676,8,4,0.45280210774510743,3,1136.6525086405056,bargain_hunter
383.6178310740043,13,3,0.596522167093392,1,680.1091443156192,bargain_hunter
256.3611182018547,18,5,0.501163562343278,3,676.4521537043241,bargain_hunter
412.85509140773655,13,2,0.5899918937140656,3,711.1948318010307,bargain_hunter
265.34800988845427,13,3,0.5996844828314669,3,833.2463285401409,bargain_hunter
326.7016645699983,6,4,0.33852913956716557,2,634.64428510144,bargain_hunter
344.0559580487494,15,3,0.4049209974282047,3,1054.498850112899,bargain_hunter
211.49865315198969,12,2,0.5170096830869376,2,741.9021622160845,bargain_hunter
245.04178754203292,17,4,0.6832942619858217,1,748.6252473688743,bargain_hunter
291.39087017274784,6,3,0.6180886823541163,3,973.0274198579216,bargain_hunter
266.4109540690101,19,5,0.491916475966522,1,512.1682289829561,bargain_hunter
301.37001263349055,8,2,0.6501259797222605,2,814.6024514980478,bargain_hunter
248.33338814524365,6,4,0.4493627867943865,1,1031.4316975747472,bargain_hunter
244.99525864791224,10,5,0.7013216548978551,2,409.72947304576223,bargain_hunter
289.3826873750967,15,5,0.32492101389147077,3,899.5915201860448,bargain_hunter
107.72304022255233,14,5,0.6827564494955549,2,751.7285275852421,bargain_hunter
252.14077933015201,14,4,0.7613115290438948,1,696.1746748482776,bargain_hunter
273.9907554112028,17,4,0.4234893995359999,2,738.8978749469102,bargain_hunter
229.58311416057225,11,4,0.52486992122527,1,523.1509430819501,bargain_hunter
236.93059683689665,9,5,0.32325029322003274,2,654.6917167182934,bargain_hunter
134.5455843836235,12,3,0.7499166728436362,2,1065.2136189083149,bargain_hunter
301.0773285654725,13,4,0.74106780714103,1,1306.968036987887,bargain_hunter
273.4270425118478,19,2,0.5472405656475465,1,618.7963175224619,bargain_hunter
327.6558807773096,15,2,0.582665127285805,3,423.7131730492252,bargain_hunter
298.4238709942146,17,2,0.39150772211736357,1,760.5791281933285,bargain_hunter
254.39457298705875,15,2,0.7253080289205689,3,637.4495036994075,bargain_hunter
302.4661795572744,18,3,0.5019889381632741,3,810.5443644273525,bargain_hunter
290.5864933166335,6,3,0.3408626728733891,2,689.8916482750033,bargain_hunter
265.80146886813725,10,3,0.6320939572527087,1,1145.0871592748483,bargain_hunter
253.09718685676705,8,2,0.6746418563478882,3,1403.0027867900003,bargain_hunter
363.8335853535258,15,4,0.3259782887771342,3,817.1039409113154,bargain_hunter
152.01201789576936,10,5,0.5724238795422578,2,789.0399950244168,bargain_hunter
301.45745555943364,9,5,0.42774667232780234,1,548.8042762005825,bargain_hunter
299.0483160838654,15,2,0.3135837106127799,1,790.4244516069914,bargain_hunter
263.8919037825013,17,2,0.4953641828068066,3,590.9180764758285,bargain_hunter
297.92517450194117,14,4,0.49021000375378115,3,574.4626849714447,bargain_hunter
198.55582241282735,17,3,0.34701805221713317,1,721.1649833052594,bargain_hunter
392.39786657305274,12,2,0.49798523633122743,2,1124.0144197143945,bargain_hunter
206.853123320847,9,3,0.6966306752191271,3,835.316365214273,bargain_hunter
186.05968761830695,16,3,0.38442710333884306,2,1189.3264955779016,bargain_hunter
259.91348007360756,13,2,0.6663176173504164,3,678.905461027401,bargain_hunter
340.20990721317185,19,3,0.7284369680375471,1,611.6250432205752,bargain_hunter
281.4531674003655,6,4,0.5426794915799436,1,1223.6661666246287,bargain_hunter
348.92400897576636,9,5,0.740963879152322,3,1229.7026093652505,bargain_hunter
228.28477731905062,10,2,0.3465152432300136,1,909.063782206208,bargain_hunter
249.8738197540672,19,2,0.7867286949880865,1,967.6072898099826,bargain_hunter
309.02636445711073,11,4,0.6797912050573158,1,729.3753134260335,bargain_hunter
359.0269040403919,17,2,0.4788991326627209,2,764.5794419026764,bargain_hunter
288.05111045066315,19,3,0.42216997039323306,2,833.836358788728,bargain_hunter
265.66407404981834,9,3,0.4739707057910833,3,689.9526764555937,bargain_hunter
306.84155813143667,12,5,0.5886248653843065,1,435.8217858042307,bargain_hunter
273.818607916167,16,4,0.31555779995867883,1,1167.5397044503623,bargain_hunter
209.25761253041185,13,5,0.33482057408120286,3,1156.3038165384692,bargain_hunter
308.1735501611756,6,5,0.33633543580500813,3,498.03170267362935,bargain_hunter
332.0708165818777,11,4,0.40632218818554805,3,686.5741697049997,bargain_hunter
249.8112848859051,9,3,0.7518039221733975,1,1233.1989996723637,bargain_hunter
323.4166352337325,18,4,0.4301434287830015,1,1000.2382344917936,bargain_hunter
257.2402048097003,19,3,0.4133651914617553,1,458.3996184587261,bargain_hunter
149.63982723915782,19,4,0.3553602966631578,1,1054.2265031451266,bargain_hunter
266.68834577228165,14,4,0.7863881614460428,3,926.5053404793333,bargain_hunter
324.32862885325017,9,2,0.781405178537013,3,984.6102452039161,bargain_hunter
402.5047546337711,14,5,0.6175445529548593,2,1082.6936630803605,bargain_hunter
257.1774367468246,9,5,0.43165789187660003,1,715.3943207710894,bargain_hunter
278.834823646736,14,3,0.5991787421488795,3,709.0460651497174,bargain_hunter
324.7242518407241,14,5,0.33224563562458376,2,534.2252012122162,bargain_hunter
337.01845551841456,14,5,0.3926650897643572,3,1313.1840117745776,bargain_hunter
354.31792288246726,19,5,0.5914034175417449,2,834.4131854491905,bargain_hunter
284.2031297867909,10,5,0.7156867571928549,3,1148.5634907824572,bargain_hunter
383.3110697766599,14,2,0.3163228387728343,3,774.7221659496486,bargain_hunter
319.19699039497226,13,5,0.7553382897175698,2,1606.260309709088,bargain_hunter
310.67215597149885,15,5,0.5216900071895938,1,1212.0975635488874,bargain_hunter
353.30803315112877,18,4,0.41871673418740313,3,1324.8743915817497,bargain_hunter
258.2357251909331,17,2,0.7853831032373915,2,649.2201618181302,bargain_hunter
267.5421368210573,14,2,0.4344794729132355,2,275.006637734361,bargain_hunter
273.66819687986157,6,2,0.5362466775032568,2,744.6930047848713,bargain_hunter
268.28213826507437,15,2,0.5252326508289091,1,891.3985486094246,bargain_hunter
195.62095217968997,8,5,0.44034160775798714,1,775.0683282113915,bargain_hunter
267.7038977312053,19,2,0.4095344045509289,3,802.0604764817111,bargain_hunter
250.90197775006175,12,2,0.5192692442687177,2,1032.633641228928,bargain_hunter
249.49267959821537,14,2,0.7083410877253591,1,765.4481216690174,bargain_hunter
226.82677938343565,8,4,0.5537059693589044,1,880.5984280051318,bargain_hunter
276.15578199229014,19,2,0.4972880377988232,3,622.9173549920652,bargain_hunter
329.88095602379525,10,2,0.6039526070453518,1,745.5565011262412,bargain_hunter
251.01633689899364,18,4,0.32976235017388583,3,844.0379035956648,bargain_hunter
257.38029044997785,9,3,0.7001774395117033,2,972.7339347999358,bargain_hunter
291.60374698970446,13,5,0.7501606340371357,2,554.414996118627,bargain_hunter
348.06883120505915,7,4,0.6230480875025315,2,556.2785003030708,bargain_hunter
350.5705063143952,15,3,0.6180480232047711,2,279.8049411747942,bargain_hunter
307.0979620989758,10,3,0.5649957614632093,3,477.530282807264,bargain_hunter
211.3764275607603,6,2,0.5110171300638195,3,832.567911732957,bargain_hunter
229.84275522515821,15,2,0.3615016475618728,1,769.1368867725018,bargain_hunter
269.52172889140417,13,2,0.33369227739276125,1,354.4933525157307,bargain_hunter
241.2263614093718,8,2,0.43769058712770925,1,1332.5932677828537,bargain_hunter
295.74174281941976,17,3,0.49211981006869066,3,1115.3582032958122,bargain_hunter
170.84152428011657,15,4,0.6005370834001165,1,592.0439518290742,bargain_hunter
363.82477004399897,17,2,0.6228702550478061,1,1726.1465450595215,bargain_hunter
261.51794294885553,9,4,0.3127238799528754,2,1033.8981596808019,bargain_hunter
195.23989490973838,16,3,0.597994421091741,1,1163.9949227556926,bargain_hunter
337.89109798584747,7,5,0.40894627712749504,2,1284.6748470644695,bargain_hunter
393.48327097302035,18,3,0.5427948498296988,3,661.3711944045805,bargain_hunter
213.11513756050664,15,4,0.40443203535287,3,829.3027566680838,bargain_hunter
214.1112713181492,7,3,0.6781068069750884,3,691.4565982302297,bargain_hunter
214.2326185157159,15,2,0.48519849313765323,1,789.2013764068274,bargain_hunter
122.57270586704405,7,5,0.5726905606091512,1,433.79898509542613,bargain_hunter
187.6200088436008,11,5,0.7900544962068834,1,354.11689101491186,bargain_hunter
383.95089996910554,11,2,0.7168249809687928,3,1469.3900438577898,bargain_hunter
343.7340598209762,18,4,0.38858546263593274,1,659.769696852509,bargain_hunter
204.31270998069346,17,4,0.578854413125022,3,540.4882320953021,bargain_hunter
297.5957261948078,18,4,0.37526074583170677,2,445.0955020003625,bargain_hunter
128.1827486352202,6,4,0.7401573810744635,2,714.1987334359668,bargain_hunter
397.6414763296628,10,4,0.4975688716321593,1,1138.2074729524275,bargain_hunter
438.66060082102206,8,4,0.7820144235827569,1,349.10890148145404,bargain_hunter
178.68626099261894,17,3,0.36532617191173145,3,1142.6480084758587,bargain_hunter
239.28823987811543,13,5,0.533391038615594,2,822.7016882141706,bargain_hunter
302.6260236341312,17,5,0.7317737612572726,3,791.2211558945065,bargain_hunter
274.98393168454476,16,2,0.5813558495111696,3,222.65355168534506,bargain_hunter
294.4282749598124,14,4,0.5886395146165656,3,74.0764257764713,bargain_hunter
273.6043143451209,17,4,0.6010584926773898,3,1086.546235070247,bargain_hunter
313.3362679602069,14,5,0.726980983477711,1,826.8742043765747,bargain_hunter
196.9212027583238,13,4,0.4559495400021402,3,1088.9266994639097,bargain_hunter
315.6134033368517,19,2,0.7631913033650434,2,0.0,bargain_hunter
397.4238184324985,16,4,0.6462662157685539,2,727.5756768739382,bargain_hunter
365.5561948887469,17,3,0.46670366107955524,3,1192.4672233476622,bargain_hunter
337.1875027225652,12,3,0.30715763883353,1,953.9256260291879,bargain_hunter
352.55596665812436,10,2,0.6767139611284845,1,368.13078398714475,bargain_hunter
308.00352805552626,6,5,0.6500171363860522,3,945.7886848781814,bargain_hunter
278.4087244450564,19,3,0.5037715155162155,2,535.4376046316847,bargain_hunter
406.56667567854754,18,2,0.6488781380367148,1,1035.3800955310126,bargain_hunter
281.8114472326093,7,5,0.35646582134300564,2,982.5822327070222,bargain_hunter
319.5547401059443,17,3,0.33645091768395174,1,1081.2710412879676,bargain_hunter
213.90028507723588,7,4,0.500653012109856,3,990.887950531583,bargain_hunter
270.7045238898234,16,3,0.46074785062394097,1,1010.2208855398692,bargain_hunter
290.3272823401266,19,2,0.31683458910693635,3,1160.788190314299,bargain_hunter
361.63951575031905,11,4,0.7443295401326993,3,407.35388026426637,bargain_hunter
271.7930035018343,9,5,0.5773286740175478,2,1126.9506609351301,bargain_hunter
328.42735579823864,9,2,0.7019792537762601,2,507.9361400886594,bargain_hunter
219.56897837163763,16,4,0.6603275726415566,3,850.3177466153661,bargain_hunter
313.37305473985015,14,5,0.5012233187168345,1,1043.671934281766,bargain_hunter
280.01242389509184,15,3,0.4380847789104497,2,797.2099036584157,bargain_hunter
291.3827037235315,13,2,0.47018537315288134,1,1070.4832743705222,bargain_hunter
269.83304575099794,14,4,0.7332739908745434,2,844.8792434220661,bargain_hunter
270.42432629050023,6,3,0.4886590269815964,3,1083.4914996166194,bargain_hunter
295.9217409639777,15,2,0.4938244027278235,3,625.1724027165253,bargain_hunter
307.69074430094855,12,2,0.6565230253171593,1,1071.0442125622044,bargain_hunter
245.20377784522447,16,2,0.6380541157072055,1,550.9234432888428,bargain_hunter
242.940886273939,8,4,0.622074610737958,2,705.178143191885,bargain_hunter
279.7895204794876,12,5,0.7329100826111776,3,508.99880974728717,bargain_hunter
193.51107630341335,19,4,0.4849066279935883,3,737.1642303052773,bargain_hunter
252.8050954586192,18,5,0.7251740005599476,1,1235.7402603412236,bargain_hunter
257.7645686156529,13,3,0.40787033958822705,1,1431.1418276382228,bargain_hunter
320.37317297904707,9,3,0.6685482752160257,2,750.6750678615856,bargain_hunter
208.63528642796032,13,3,0.39960763744702654,1,1292.801885976789,bargain_hunter
227.2910298071158,14,2,0.3557561061606382,2,376.2392709736991,bargain_hunter
224.45084901114524,15,3,0.42094444177707296,2,830.4070134639654,bargain_hunter
266.2840050795989,14,4,0.5021448736274345,1,501.6951876174463,bargain_hunter
264.70600930789243,18,4,0.7388235098253907,2,933.0841768046536,bargain_hunter
401.0744778299943,9,4,0.6869956890763813,3,864.8950644705502,bargain_hunter
253.48190816474747,17,4,0.5876777016257779,2,699.1778041549891,bargain_hunter
320.37167415800917,7,2,0.432791416479303,1,977.5442401224134,bargain_hunter
354.64323375173115,12,5,0.6209299794276777,3,552.9922386264732,bargain_hunter
315.4612933935926,9,4,0.6377900459751299,3,1397.3757804930565,bargain_hunter
302.2727720834098,13,5,0.4035474590882856,3,1145.9715735635718,bargain_hunter
256.25027315610026,14,2,0.4233018174890123,1,746.1127999294289,bargain_hunter
269.44873573407574,15,5,0.7788949004941019,1,1298.4410497184053,bargain_hunter
291.2681528734653,9,3,0.6222955873711717,2,321.8848953946901,bargain_hunter
204.39011408964518,17,4,0.37040147444633803,2,615.0915775881567,bargain_hunter
252.37560306164548,8,4,0.7908266619262239,3,1059.4234074922522,bargain_hunter
306.30295480770417,6,2,0.7736976247932235,2,490.48489641993183,bargain_hunter
264.22127177315934,14,3,0.33110161308235136,1,249.28661778769379,bargain_hunter
279.7105226856922,14,4,0.32228191172433956,1,1031.9040086761433,bargain_hunter
282.271714900537,18,3,0.639810166367554,1,975.3717883848705,bargain_hunter
319.2792497744805,19,3,0.5734298204875631,2,855.3958327713802,bargain_hunter
246.17798949652592,19,3,0.5227708193709455,1,775.0899189521681,bargain_hunter
254.2453347820803,11,2,0.3984628522267142,3,976.5659809312159,bargain_hunter
124.56724161279652,16,3,0.5612698583660266,3,785.3104432933328,bargain_hunter
329.3937327008094,12,4,0.40697851934411844,2,775.834432454233,bargain_hunter
305.55323237158217,12,5,0.38083571811848094,2,805.7443332247257,bargain_hunter
222.31069782066774,6,4,0.6333002395233096,3,1049.25569728381,bargain_hunter
298.3608638810738,10,3,0.6922104290017088,2,1116.3998936129558,bargain_hunter
250.6029906903679,12,5,0.7041377197779688,2,940.5817389498775,bargain_hunter
253.79681583756428,8,5,0.631217005850534,2,780.1602156122533,bargain_hunter
489.75266737600595,12,2,0.6177218228297613,1,360.97821247199346,bargain_hunter
177.71817919022374,6,3,0.7962211446873895,1,673.2376668784887,bargain_hunter
161.79377093728988,9,2,0.42019945644675344,2,1067.7792014897927,bargain_hunter
231.76165607158134,6,2,0.3740889641149727,1,1023.8264358619053,bargain_hunter
258.1270512078986,16,5,0.5900444173347272,3,361.5331468247553,bargain_hunter
335.5746592914935,18,5,0.5150514382649001,3,657.9286298686076,bargain_hunter
364.66305406355343,15,5,0.5487699260730511,1,678.3769977158664,bargain_hunter
204.85639333521286,8,5,0.7275151008099676,2,909.0895647874904,bargain_hunter
280.66849378292545,8,4,0.7054392905039593,3,1012.8923871517421,bargain_hunter
354.14693150932925,13,5,0.6273253434329773,3,478.6838961052853,bargain_hunter
104.50448924819938,10,5,0.44501459682445293,1,1174.3433593748741,bargain_hunter
321.41420802281635,10,2,0.7865390814861664,3,32.4894850228693,bargain_hunter
339.6989001275412,11,4,0.3955593547480013,2,751.2421615610301,bargain_hunter
328.7164197037175,14,2,0.6795344696291878,2,1201.349306289835,bargain_hunter
216.26217069001757,14,5,0.708389733252818,2,440.51498427585256,bargain_hunter
258.48344083254744,11,5,0.792429201381238,2,552.7823475382964,bargain_hunter
367.5839125022764,6,5,0.33922790815856196,3,283.96923471565447,bargain_hunter
287.99543403167667,6,4,0.6142170237094995,2,275.23398709693697,bargain_hunter
319.02700555216836,9,4,0.6572120820356211,1,349.0759094720546,bargain_hunter
367.4025970037077,14,4,0.4846403851077705,1,893.5442550431782,bargain_hunter
207.65427229266768,12,4,0.7017590542174672,3,745.6981584021158,bargain_hunter
345.2478504418898,19,2,0.4370357946710955,3,1077.2485471567709,bargain_hunter
318.50893181450147,10,4,0.359437195588536,1,465.84407011966,bargain_hunter
307.46637196911314,12,5,0.5481293764411808,3,1302.3477300042612,bargain_hunter
357.4842128929605,9,3,0.30803093249050306,3,0.0,bargain_hunter
188.92757519915142,16,2,0.7085640710077925,1,692.8912397580172,bargain_hunter
417.38834784762753,10,2,0.4544172120036704,2,1378.2708155534585,bargain_hunter
305.2327065536872,14,5,0.6385762062288368,3,709.1133386047048,bargain_hunter
338.04926495431835,14,2,0.33544578794564267,2,631.719435732876,bargain_hunter
346.6947194279181,12,4,0.613996691302049,1,1380.411799530017,bargain_hunter
173.42588602610078,16,2,0.4764792517261783,1,922.5958434442013,bargain_hunter
273.2651519829005,17,3,0.6027523833079382,3,1010.8861375720603,bargain_hunter
239.58261153799586,14,4,0.638770472751767,3,729.9898133709396,bargain_hunter
270.6461093238,9,2,0.6208671986492791,2,635.5138110528197,bargain_hunter
246.4603163270801,12,4,0.6926344057580076,1,902.0178100582405,bargain_hunter
262.3441076923866,7,4,0.516009463797253,1,641.5889006441134,bargain_hunter
278.36260362161795,15,2,0.3515606812040379,2,719.823165673092,bargain_hunter
266.17595714765395,10,3,0.6522772140137226,1,522.7300567195086,bargain_hunter
285.77564658420295,12,4,0.6027413346072024,2,366.833126760826,bargain_hunter
175.1528149182961,17,5,0.6283780317372785,2,761.5874881176167,bargain_hunter
297.14138801603195,16,2,0.7627611039259404,3,479.9836673521352,bargain_hunter
385.9425559870242,8,5,0.34604762661645116,2,611.6350356674632,bargain_hunter
351.3946838344701,11,2,0.5628781097795674,3,1104.1027221631591,bargain_hunter
341.05968801061016,6,4,0.3529529022018788,2,881.4485932476944,bargain_hunter
202.23858278491647,8,5,0.3033410646119439,2,952.1243776278646,bargain_hunter
193.32895977986362,18,5,0.6137432858921397,1,1229.1039796543782,bargain_hunter
188.13354984665668,9,4,0.7787905075419086,1,954.2764268053504,bargain_hunter
256.87700034848706,11,5,0.6324972581188868,2,926.1357431742675,bargain_hunter
278.5868709475457,8,5,0.6741921748381157,3,747.6937226291493,bargain_hunter
301.02050675370384,9,2,0.556363197130888,3,889.3568282618064,bargain_hunter
280.9484526467104,6,4,0.6188441234479678,2,773.9732748353167,bargain_hunter
222.53750506661572,12,2,0.7091847832406686,3,994.9884698461661,bargain_hunter
232.97406006481623,10,4,0.4237798851399432,3,592.8376843051221,bargain_hunter
382.3008488324218,15,2,0.6364358342990399,2,709.7590063349213,bargain_hunter
191.31117473190028,7,3,0.4916421198211007,3,460.5759166209173,bargain_hunter
335.00469514355325,8,3,0.5568055232721623,3,592.1805606533948,bargain_hunter
289.2602012238646,8,3,0.4855564692150639,1,1313.581158745109,bargain_hunter
315.859158781195,12,2,0.7325966736989056,1,624.2553022226796,bargain_hunter
298.22911573629256,13,4,0.5271727115338276,1,1016.468751537843,bargain_hunter
299.80855694734436,11,3,0.5497158849334176,2,1068.3103661637124,bargain_hunter
312.2994413438156,17,3,0.7123716186735038,2,855.2743741832307,bargain_hunter
307.93504099246195,18,5,0.5951163295754464,3,1202.8622638848235,bargain_hunter
279.16973523434575,9,5,0.3526966090539026,3,593.0816677807478,bargain_hunter
324.2374789928231,10,5,0.5582121941093054,1,752.4149968846035,bargain_hunter
312.56226387860346,12,4,0.707062842795581,3,488.3420630639358,bargain_hunter
260.1214970090006,9,5,0.4249784731988106,2,616.3289796476749,bargain_hunter
151.31183784698572,15,5,0.7363179012734176,1,959.8499902390402,bargain_hunter
312.93303011904186,10,5,0.6161082988769745,1,723.5132619338906,bargain_hunter
322.45818542250925,6,2,0.3512839812917949,1,802.7114559536922,bargain_hunter
298.4956504337495,10,3,0.7421882735114856,3,153.01979101016366,bargain_hunter
138.1618903448692,11,2,0.38018270305987156,1,483.4464583690525,bargain_hunter
375.68404043901495,9,4,0.544688224485335,1,608.3415416166881,bargain_hunter
338.54900316068256,7,3,0.38068140052769184,1,1075.536333182724,bargain_hunter
220.70386850939147,15,4,0.4207684208508409,2,265.1885769655929,bargain_hunter
347.1328972179039,7,2,0.40594716522005453,3,1350.176795658135,bargain_hunter
197.34294995474576,19,5,0.5859561019253003,3,630.5677987487173,bargain_hunter
154.47356622248657,19,2,0.5704525019190404,2,1223.8502170309675,bargain_hunter
369.3849764392349,18,3,0.4637760825900662,1,644.6739964864199,bargain_hunter
299.66927037058514,18,5,0.6028189446617057,1,1077.281041861349,bargain_hunter
226.27922065821855,15,2,0.4031260569180763,1,677.5697482519338,bargain_hunter
324.94539065518416,15,2,0.7757210143628406,1,1132.6365147426095,bargain_hunter
277.25798613419323,18,2,0.4109502303921864,2,570.5024153731617,bargain_hunter
296.8381842694082,6,2,0.7106941814503471,1,1327.58614525854,bargain_hunter
154.85104846460268,14,4,0.5256470565146274,3,743.9391209448802,bargain_hunter
258.294406700781,8,4,0.3378498636548937,2,1164.5964724034236,bargain_hunter
226.1772141612847,13,3,0.5396300449572687,3,598.0859464618964,bargain_hunter
309.7698943358762,17,5,0.6241590037260478,1,813.2803920047342,bargain_hunter
327.19240161903514,11,4,0.4157742179825244,1,0.0,bargain_hunter
167.40683763748757,8,4,0.4752602671430809,3,985.9134337898408,bargain_hunter
226.89401750997158,17,5,0.3226596394804473,3,1237.1235876609703,bargain_hunter
319.0913194803703,6,2,0.30265673783417296,2,458.694298872555,bargain_hunter
296.1120391878885,14,5,0.6832575247662923,2,1253.9027798011966,bargain_hunter
352.3931161742065,19,4,0.6387367074117365,1,1625.0321598742266,bargain_hunter
231.94115240093748,17,2,0.4734813298672792,2,1251.9265166004739,bargain_hunter
301.3601577535016,12,4,0.598577652995151,2,865.3992231998412,bargain_hunter
291.43813547590145,11,3,0.3782383580018003,2,1082.393174230245,bargain_hunter
378.4320142535422,13,5,0.45691340411220777,1,603.3263008011263,bargain_hunter
257.76951408459826,17,3,0.5535298233693591,3,378.3298942464074,bargain_hunter
404.64279973547457,7,5,0.5219295942106505,3,1226.3848948857499,bargain_hunter
346.50026119822905,19,3,0.5666256996395512,3,979.0348339024929,bargain_hunter
290.31036038761187,6,3,0.4347559311461363,1,965.9753659954351,bargain_hunter
219.20104986413645,9,4,0.43231751346267866,3,1010.355897821112,bargain_hunter
316.8415388355088,12,4,0.393861202846126,2,958.5178435603161,bargain_hunter
223.03454039645413,17,5,0.3155745463966955,3,1230.4204938993032,bargain_hunter
246.30357789771017,8,4,0.5786685847865041,2,330.8930943963724,bargain_hunter
205.87937097123972,13,3,0.7440590944670179,3,1149.3995625504715,bargain_hunter
300.1034817450471,16,2,0.5883511994288781,2,894.8467871548335,bargain_hunter
349.6839272458844,18,3,0.30285929068039463,3,556.6228642588422,bargain_hunter
218.99901228541017,9,4,0.48021341357074304,3,726.7758578977396,bargain_hunter
268.5509556727393,17,5,0.4560981841088018,2,788.936131596863,bargain_hunter
360.09419487060666,12,4,0.5558178589475385,2,988.9249635196022,bargain_hunter
400.7362267420459,10,2,0.5934682532794535,1,1107.1128638320945,bargain_hunter
291.6141639552147,8,4,0.6380626987941451,1,619.1942456516633,bargain_hunter
198.75889849009576,8,4,0.7640910490569757,2,634.042344969534,bargain_hunter
363.39732201326945,16,2,0.7978155547494417,2,347.8784230464839,bargain_hunter
347.1074586908726,9,3,0.5965791095197341,3,964.7946933674685,bargain_hunter
336.2933198593439,13,4,0.7625235876715073,1,693.5187645703154,bargain_hunter
289.446875497646,14,2,0.33490032730731445,2,654.0929319350562,bargain_hunter
304.2460993005405,9,2,0.3896780051446205,2,493.4077668827611,bargain_hunter
399.22366670196647,18,3,0.38486421428846157,2,640.7087306564107,bargain_hunter
311.3847402401437,16,4,0.7190774874943213,2,1199.2601541101503,bargain_hunter
315.37657280152166,17,5,0.7767675489257544,1,880.0736229468182,bargain_hunter
294.4793160950069,11,3,0.7606537561064877,2,454.6957749141479,bargain_hunter
254.84106728009672,16,3,0.6513201029291145,1,874.7035029093571,bargain_hunter
231.55387591182313,9,5,0.4231430094052658,2,755.2984401908404,bargain_hunter
212.16307990374844,18,4,0.743046717656604,3,986.8133671700806,bargain_hunter
226.2666343872199,14,4,0.40027648892263323,1,1098.8025978166008,bargain_hunter
295.1899142822789,12,2,0.5325047587632138,3,1046.1032037837367,bargain_hunter
253.3506785420337,17,4,0.5176968230878678,1,898.811943675058,bargain_hunter
323.79468957297246,18,4,0.5759385682105929,2,894.6025576701961,bargain_hunter
269.39355021305306,11,5,0.35048905340888054,3,335.414510340876,bargain_hunter
177.86720403519934,13,4,0.4631269590205734,1,661.1552940981467,bargain_hunter
250.76782472830436,12,5,0.47765987423694384,1,694.4236046550473,bargain_hunter
331.0641528412368,19,2,0.5392480581279809,2,1250.1714106888005,bargain_hunter
210.05970458268013,8,5,0.4368202089303858,2,805.4124945902297,bargain_hunter
270.3557535212882,15,2,0.6575932273901206,1,1110.7541914602855,bargain_hunter
208.8483671721878,18,2,0.5871437875451055,3,103.41307479745683,bargain_hunter
290.43766898114245,14,5,0.4857336313121884,3,488.2779300824657,bargain_hunter
127.3901090226716,14,4,0.5797894272326709,2,1396.1392912010315,bargain_hunter
254.5330778114511,8,5,0.5034024004758617,3,1110.7475715252706,bargain_hunter
237.16654075400402,19,5,0.3982096079360087,1,1307.0532900037872,bargain_hunter
282.57593471286475,18,2,0.5564485277594047,2,1203.40283603064,bargain_hunter
206.0038704221874,12,5,0.48608662762344856,3,998.2170183391247,bargain_hunter
293.00653382575774,17,2,0.4393215315575182,3,470.80924171014675,bargain_hunter
306.51916038370183,11,5,0.7635618909322246,3,670.8843570808951,bargain_hunter
213.7082324162488,19,5,0.6988661316741069,3,866.1624281041601,bargain_hunter
261.71175462893564,16,4,0.5866115972247957,1,1021.674641313105,bargain_hunter
311.19994454786865,14,4,0.4091037672760861,2,506.6488398886143,bargain_hunter
251.1825802185129,4,0,0.8493911322077186,1,393.66291183848284,inactive
171.39269345383642,1,0,0.6608194269697967,0,484.3470753733593,inactive
94.72018709627237,4,1,0.6948338834069361,0,337.48525636765913,inactive
123.75216180446228,3,0,0.7872276216937161,0,190.06606714091612,inactive
179.68611217505827,3,1,0.9041697246729887,0,449.82249671672264,inactive
128.95008573930315,2,1,0.668283345324992,0,508.2506667312672,inactive
101.27568113802712,3,0,0.7873320743735254,1,398.02529280837933,inactive
123.96669097480148,4,1,0.8204639847665488,1,300.27689328465084,inactive
175.96915161220392,4,0,0.7344028235960435,1,413.6090203466084,inactive
127.20668287044965,1,1,0.7124199000667557,1,349.42631033595137,inactive
185.24286294490452,2,1,0.6222100131236602,0,533.4000857758806,inactive
163.0005654502617,4,1,0.8709572519555491,0,233.06359886703734,inactive
92.62138632601253,1,1,0.772444962038802,1,141.40007742379046,inactive
121.24670449565079,3,1,0.6120415488845276,0,411.75079693159216,inactive
198.33802032072612,2,0,0.676923958413451,1,555.4240509013918,inactive
163.2536658711736,2,0,0.7126464168422527,1,380.0101276856343,inactive
227.70672496646017,1,0,0.7387543905457542,1,227.39144710083025,inactive
125.84077496123082,3,1,0.7044194104939392,1,265.56770169594796,inactive
150.76619660231435,4,1,0.975598568834391,1,334.45511207517825,inactive
106.18396387963054,2,0,0.7786858109034082,1,344.75877698494565,inactive
97.45539415683734,3,0,0.7177066946548457,0,428.07128434636024,inactive
112.04333916700651,2,0,0.9538347552918455,1,562.1044796873337,inactive
117.77578406294963,4,0,0.6428228714216744,1,451.8204691362796,inactive
129.90899301968454,2,0,0.7719830479119287,0,226.08671832088817,inactive
133.35392576554207,1,0,0.6467694142101565,0,361.62738066490243,inactive
73.50980098320892,4,0,0.7735375691420977,0,289.7048930871797,inactive
77.77770954331939,2,0,0.6180996756075551,1,506.0711741140657,inactive
184.08715539232074,2,0,0.9283924069196563,1,487.7184632721397,inactive
225.8564962309113,4,1,0.8242319236004194,1,332.9676485136692,inactive
145.09164265617105,1,0,0.7855926792667549,1,314.0058561414977,inactive
156.97837179346809,1,0,0.958279185279749,1,174.55678219119187,inactive
166.933677944343,4,0,0.6690095507785448,0,612.1148856058784,inactive
165.70390657863933,1,1,0.7694191663967586,1,538.5755016847259,inactive
73.68769768490436,3,0,0.6211061031438411,1,170.9422483830747,inactive
89.80496028683493,1,0,0.8297747023488823,0,318.8975931673366,inactive
75.3781959568751,1,0,0.9282784643067117,1,454.2981569183835,inactive
155.63371866229662,2,0,0.6207143554931267,1,328.45453968264934,inactive
89.2261569809263,2,0,0.6884954785784256,0,0.0,inactive
159.1761299132574,1,0,0.9126022590968729,0,137.82943308035078,inactive
166.43048758303536,2,0,0.973499769200588,0,271.97949131084965,inactive
223.46698523437618,3,0,0.7247208547823074,1,85.30764185429186,inactive
168.1403485021787,2,1,0.82487552442581,1,152.65589486179806,inactive
132.40148350373693,4,0,0.8049201387548323,0,382.45491274665073,inactive
157.19324318151627,1,0,0.7418664819940332,1,373.1120890357265,inactive
166.37802087702494,4,1,0.727860822116825,0,325.3036988009149,inactive
95.13305211078136,1,0,0.7419590733946216,0,193.583849635868,inactive
243.3315728659913,1,1,0.6867824983455518,1,593.2845046361667,inactive
134.91823323462967,4,1,0.616766086686503,0,247.55775149466754,inactive
153.9627630369364,2,0,0.6382916218977589,1,72.40406764822603,inactive
220.19732286588965,1,0,0.6881784016981676,1,302.7602446175157,inactive
147.9886810255,3,1,0.7266347039634604,1,204.13147162920535,inactive
208.578172490692,2,1,0.8709752284913177,0,215.7618096940081,inactive
103.35048424562775,2,0,0.8632219935444883,1,0.0,inactive
198.0212663389549,2,1,0.751616194153214,0,321.05398047720706,inactive
36.26058831792898,3,1,0.8189885959449275,0,303.07395193890375,inactive
176.91772817980157,4,1,0.6157077656966609,0,35.31061360844291,inactive
171.52531858273863,4,1,0.7297383230780223,0,424.57619364901313,inactive
115.44468157640935,2,1,0.9221720172183916,1,491.91973974866266,inactive
137.5853448723172,3,0,0.7817612617919811,1,154.66059776271265,inactive
152.93738076964476,3,1,0.8752182228296514,0,249.5432005334394,inactive
111.46089849059226,2,0,0.9548477268894794,0,206.41060488258867,inactive
168.02413651450155,2,0,0.6640902403906025,0,19.527549070175382,inactive
80.05015695454448,2,1,0.8896930190447796,1,597.1621340893826,inactive
116.38116257256277,1,0,0.8646874730575826,1,266.2881569227523,inactive
126.83199369114705,3,0,0.9320603931991672,1,266.25400510675274,inactive
169.64830661647986,4,0,0.7678509531227241,1,246.29559303795207,inactive
134.47608371601598,3,1,0.9431820363660228,0,91.65222957413133,inactive
142.70327457841844,4,0,0.7225731290813486,1,304.6613950312521,inactive
111.16990849747592,4,0,0.602502988410588,1,511.8671102387132,inactive
188.06199082296172,3,1,0.961697316563026,0,146.82563136595496,inactive
93.96322687563483,4,1,0.7641983176242219,0,309.06641848887205,inactive
126.36731605056781,4,1,0.9269221248852947,0,398.2560920672684,inactive
155.6714168184108,1,1,0.7118983871076284,1,224.41207929386056,inactive
33.72047122713434,3,0,0.7578289261275695,1,243.7766915067291,inactive
91.6956928401797,1,1,0.7185568027501134,0,340.6556701143188,inactive
143.12208260354896,2,0,0.7444298905364148,1,274.5497761828167,inactive
146.8704563062694,2,1,0.8339354526755528,0,286.63153057001495,inactive
112.17015757212876,2,1,0.7039312551761198,1,391.23692875274526,inactive
99.43423459889351,1,0,0.644454858932805,1,135.98451268553822,inactive
180.4522225363781,1,1,0.8692368523644868,1,128.11491150265076,inactive
168.71306900943833,2,1,0.6139756985623953,1,612.1904443150084,inactive
185.71815480435077,1,0,0.7157758086477952,0,574.443030257413,inactive
135.3268933637169,2,1,0.847508830816402,1,524.6664811863034,inactive
195.7842512820036,2,0,0.9737732155013765,0,331.456994879605,inactive
123.66839034963117,1,1,0.841276866245867,0,241.13556683132765,inactive
111.90734477044812,2,0,0.7012105363681013,1,198.4507292312203,inactive
121.19083649924194,3,1,0.6373085787112679,0,302.8642079936348,inactive
131.8757652807715,2,0,0.8376967309234389,1,434.2085271970707,inactive
177.3468968566767,1,0,0.8644562713714785,1,291.6828956829311,inactive
161.35004094646004,4,1,0.6179987284941697,0,151.81899886488762,inactive
86.22686026874169,1,1,0.6111375630309653,1,554.0349704292437,inactive
142.57530128328318,4,0,0.8525501304193004,0,251.74406732678494,inactive
197.78253724736516,2,0,0.8533646960968508,0,438.108826934084,inactive
157.38841899124333,1,0,0.8001114140831042,1,440.6873306265983,inactive
198.65248157397613,4,1,0.9200825390734316,1,325.07088198159454,inactive
107.29460597596088,4,0,0.717341368576404,1,258.0647543600185,inactive
86.31425888822689,1,1,0.8457943110046525,1,431.12653758574845,inactive
114.75726653354832,4,0,0.8534846399062116,1,193.16688545264236,inactive
127.42491143925916,4,1,0.9610822041781425,0,289.3361061469103,inactive
71.19998178324504,4,0,0.6377675590641924,0,406.3078010276897,inactive
146.66425515484465,1,0,0.9577060473025656,0,0.0,inactive
185.25630115694284,3,0,0.6000122875381529,0,408.17030438183724,inactive
173.35819979512536,2,1,0.6368395016798359,1,14.332163961462584,inactive
174.33631015196906,2,0,0.8195491206170399,1,714.8969421658901,inactive
128.38987986656932,1,1,0.6552061948080207,1,98.1252323186367,inactive
206.74125380592147,2,1,0.9982275601962751,1,0.0,inactive
71.49169679966253,1,0,0.7273216378769389,1,240.80597817024008,inactive
198.23824071618168,1,1,0.6532839696546514,0,471.27798672164573,inactive
183.71324978913725,4,1,0.8290571412462339,1,480.9720233122582,inactive
171.28024795287772,2,0,0.8920996758118285,0,354.2491591870525,inactive
177.18049016317642,1,1,0.7230119181961825,0,464.505964551019,inactive
191.8100405949231,3,1,0.6502199159593908,1,352.46542809090874,inactive
77.73648110124444,3,0,0.7111380652826262,0,329.3263725236185,inactive
157.84525836095628,3,0,0.6934963168146977,1,164.38975653959994,inactive
165.20793476613576,2,0,0.7087146064320516,1,273.05902533207365,inactive
116.49162272420122,2,1,0.9591741173774948,1,138.09113143509688,inactive
105.85448515002409,3,1,0.6298553724317715,0,320.344801316393,inactive
95.36703378338245,2,1,0.8225858549395288,0,277.65460353490545,inactive
151.87602262760845,1,1,0.9696430863645118,0,404.5478283514585,inactive
180.6478403669643,1,1,0.8702651608828291,0,451.56207393759837,inactive
158.1259680636483,2,0,0.7480098096571264,0,374.51633606503646,inactive
129.22414512695494,4,0,0.9877287249136716,1,248.86381839808803,inactive
144.35109857382997,1,1,0.6664210085926145,0,501.04238555009863,inactive
67.40170449661059,1,0,0.6460584713580805,1,197.1002937420868,inactive
210.53378008557877,2,1,0.7587791891737171,1,522.2273689262374,inactive
166.01925546025313,1,1,0.7909664757921415,0,319.6597779323773,inactive
110.12730790012142,3,1,0.7189446125233889,1,309.71396425568486,inactive
105.29001384295299,1,1,0.683532374197836,1,246.19443404266215,inactive
119.22759902032261,4,0,0.7017044925779459,1,260.8006410822798,inactive
117.3513102183214,3,1,0.963207418168665,1,311.7214594454471,inactive
192.48064707182152,3,1,0.8457600029725295,0,325.12764187950637,inactive
198.09910990612033,2,1,0.7907355510932498,1,347.5720477065713,inactive
140.7627020049868,2,0,0.678078865828753,0,402.72641059973637,inactive
167.43901558000184,3,1,0.9743748992994238,0,0.0,inactive
171.14071537579704,3,0,0.9495499822084074,1,492.2088823474255,inactive
126.40362808536975,2,0,0.775942255885534,1,426.64248421461264,inactive
141.18055383330355,2,1,0.9008514798174285,1,260.3077944941806,inactive
125.70582267151154,2,0,0.9305363243800747,1,288.41684321654316,inactive
151.04509891743155,4,1,0.6872697318373093,0,39.760855179740645,inactive
199.64589375514907,1,0,0.7656564272862665,1,386.05305450038304,inactive
145.5592450557138,4,1,0.6057323623468005,0,318.18820246558977,inactive
98.46769530145849,4,0,0.8417437278859085,1,343.907322321278,inactive
181.64836156051524,3,0,0.749523243546801,0,223.76094736573037,inactive
101.34696668819603,3,1,0.6809175796632815,0,268.4749638312148,inactive
83.4043031948421,2,0,0.9809661223986574,0,513.026544404006,inactive
193.5507861686669,4,0,0.8022786975125495,0,243.5548912612506,inactive
151.93121121597628,4,0,0.997832795614104,0,235.55888340628138,inactive
171.87844381853162,1,0,0.6392030739122964,1,310.3268596925779,inactive
44.03601826931762,2,0,0.8356858457391422,1,502.7254355184182,inactive
131.81809125026223,4,0,0.6507777655019891,1,267.2020083847446,inactive
181.39962315384625,4,0,0.6236423283502618,1,467.44134956326724,inactive
162.76641160367961,2,1,0.7528557899330277,1,319.65311431180476,inactive
188.807873067412,3,0,0.6221663553768978,1,119.25965981579421,inactive
137.91277652069513,4,1,0.6096020179379555,0,0.0,inactive
171.16065199568436,3,1,0.7961634076742052,0,308.5431660382347,inactive
174.82990221117694,3,0,0.7900359491467073,0,456.0282847189128,inactive
137.06276281803923,3,0,0.8589831762982183,0,517.0553189881805,inactive
151.8089083599993,4,1,0.759733032079689,0,307.6796852821628,inactive
177.06591757197126,4,1,0.6779093990748903,1,516.6731233419752,inactive
127.83778826348865,3,0,0.9330447093304525,0,539.8735026792922,inactive
127.97525893591481,2,0,0.8474441156375756,1,611.6515699379165,inactive
111.37340785907168,2,1,0.6634947053497238,0,544.3749547351417,inactive
80.79865042258834,1,0,0.7636340594539505,1,582.4913651116593,inactive
204.7239392705525,3,0,0.7673558133513334,1,124.68884572603105,inactive
142.88247300032245,3,0,0.8623613252393598,0,377.9795159699719,inactive
233.83374007236637,2,1,0.8969085569009148,1,539.1663587623796,inactive
142.66051028005973,4,1,0.8797357865010572,0,49.529977035547944,inactive
174.59365589211893,3,0,0.8940100744759294,1,566.7982689807372,inactive
143.15893013817504,4,0,0.9647838336798533,1,140.58347588007533,inactive
163.86839910419678,1,1,0.6025857431158842,1,676.7334827376635,inactive
141.92719612261806,2,0,0.7274758415962095,1,347.9829210411764,inactive
114.35125999572998,2,1,0.8202126722384903,0,290.7239874058975,inactive
135.48973868801775,1,1,0.7102146268563405,0,217.26587866139852,inactive
159.16298752822811,1,1,0.838778089365269,0,461.1477019073342,inactive
167.68316147204033,2,0,0.7022974806193202,1,483.169661778974,inactive
127.11223718826226,4,1,0.6987428110382932,1,181.49807968783858,inactive
230.47303985770506,1,1,0.6269507486087703,0,94.62951939758031,inactive
152.8501499964357,4,1,0.713313761397031,1,105.97385621938562,inactive
199.2707291795797,4,0,0.9453919579651252,0,53.930796441538746,inactive
145.70580837143933,4,0,0.865210881489259,1,449.91285490168667,inactive
116.65455420366192,1,1,0.8553955139196542,0,401.16741036055026,inactive
163.44579852104914,1,0,0.6882604238486993,0,265.87856100698883,inactive
77.47066855987819,4,1,0.6161155782938168,0,141.20841142062014,inactive
117.73014479162045,3,0,0.9906244093291617,0,46.09775767335944,inactive
141.89262392651557,2,0,0.954515286582287,0,189.04247737461594,inactive
110.56784765328693,2,0,0.8917239201908824,0,257.37673531068043,inactive
205.56652191482385,3,1,0.6588908297642068,0,421.66325096843866,inactive
201.6104451618426,3,1,0.7621301442587813,0,414.6157944492142,inactive
182.85817717013623,4,1,0.9300845485038525,0,306.8424643982316,inactive
166.86184334146245,3,1,0.6731253554156903,1,340.0227594443103,inactive
142.39368225045087,1,0,0.9612992420380522,1,308.5113850743081,inactive
138.31965817947898,4,1,0.9235305293966736,1,231.89496295208343,inactive
181.20504023495275,3,0,0.9140334628959028,1,312.6087653755404,inactive
167.7909523132638,3,1,0.8730161915068628,0,176.15194757967868,inactive
156.1209037490354,3,1,0.6974284503458528,1,239.52161001693148,inactive
189.59440562343997,2,0,0.654920013086228,1,207.72184864265893,inactive
159.98537903155955,3,1,0.9774296576140709,0,214.76919459053855,inactive
144.31413852237816,3,0,0.6526747613744828,0,350.8030976882535,inactive
119.59307779539118,2,1,0.8499918993504141,0,326.68752105148087,inactive
141.85091487833608,2,0,0.7533588564233036,0,570.9774315993014,inactive
171.56576471800602,1,1,0.7607172540437698,0,446.7554906654658,inactive
249.40759666715564,3,1,0.9314835935272026,1,339.71629664669695,inactive
119.38879752226632,4,0,0.9688767712205137,0,0.0,inactive
164.45662095087917,3,1,0.763111213762465,1,391.2343342960968,inactive
129.4366778914456,3,0,0.9449986029606341,0,268.7491268901667,inactive
113.34716323706321,3,0,0.7193089816936491,1,174.461894430558,inactive
152.40547911873168,4,1,0.9646058903463404,0,352.13836538441547,inactive
147.56328668916868,4,1,0.7376366471397768,1,333.22165465138744,inactive
144.33320858573586,3,0,0.6487552330129082,0,111.08510843436548,inactive
142.74203723009933,2,0,0.838146548062749,0,284.04944962030277,inactive
52.9118696928694,2,0,0.9580226415999332,1,169.4412549369514,inactive
110.1838558790101,1,1,0.7026588828744383,1,574.0892257435521,inactive
158.09307259536564,2,1,0.7246286958328916,0,381.313488720056,inactive
181.7270275287471,4,0,0.6218930827699943,1,281.6914301818084,inactive
195.24920366636053,2,0,0.8215293762534902,1,290.02017698371657,inactive
169.152749928523,3,0,0.6481454304839944,1,401.9363527740962,inactive
164.9329657799105,3,0,0.8822250846598765,1,394.55887080480846,inactive
62.917398142285805,3,0,0.8485322496622829,1,326.7714995828085,inactive
180.82554715800555,4,1,0.6432115829966317,1,176.9313225666497,inactive
145.7404846727781,2,1,0.7364977799030883,0,231.93112722538743,inactive
188.42808562876778,1,0,0.9092734005035032,1,385.30635240535094,inactive
161.09433847858705,4,1,0.994758378155319,1,296.658153122443,inactive
186.38606158235302,4,1,0.7594569976852256,1,193.4719575837432,inactive
161.53644594864247,2,0,0.6027929047521392,1,215.59619633396508,inactive
96.43353057854073,2,0,0.6245700517039331,1,323.96150505761176,inactive
76.754204866466,2,0,0.9621195996042062,0,115.7334253101356,inactive
160.55712614019546,1,0,0.7357291342622845,1,553.740324806612,inactive
107.74688002777035,2,0,0.6657147373089637,1,141.22444185062815,inactive
159.3237061005915,3,0,0.7305128606275786,1,366.7098351244676,inactive
157.2425097108433,1,0,0.982179276575227,0,495.4917055974096,inactive
124.52561652285571,3,0,0.7931405097640419,1,362.9490367218098,inactive
212.7946574503987,2,1,0.9636808544825948,0,310.2955572641573,inactive
153.486157615287,2,1,0.9810067158738395,1,673.4191621891041,inactive
101.30869231118083,3,1,0.6670266157218026,0,323.9193760206194,inactive
200.17254131754555,2,1,0.7644816268847416,0,269.88075046970636,inactive
156.53621896089615,2,0,0.7509452707186604,0,120.65643437171815,inactive
122.82780922537057,3,1,0.8938834281060102,1,176.35932340244858,inactive
134.09281225541585,1,0,0.6564796254148739,0,122.39541626661608,inactive
151.2786623708051,2,0,0.7910968505598144,0,493.8499821252248,inactive
197.8874593848971,3,0,0.658408407718785,0,78.58993623424172,inactive
216.51995747976412,2,1,0.8786245608576184,0,331.5820145161722,inactive
141.8990309174068,2,1,0.8542581287810453,0,220.75544300055313,inactive
195.57524059342475,2,1,0.8207745444241866,1,362.7039267617805,inactive
138.87523078755046,3,0,0.7199590371978145,1,249.42177933132407,inactive
155.5286852441776,4,0,0.9037243420600821,1,403.7581621061535,inactive
144.00237123683561,2,1,0.6720634590930477,1,85.0272278212932,inactive
46.785133761395215,1,0,0.7649465949098724,1,377.0323537528911,inactive
105.60188651855003,2,0,0.8439251046192469,0,472.05920667606455,inactive
92.84571053823237,1,0,0.6926396099055596,0,333.28252631581495,inactive
149.71820058077782,2,1,0.7230716357911794,0,267.65856321479663,inactive
156.93218797143177,2,1,0.8858782700942937,0,156.5583813652301,inactive
190.1353105687976,4,1,0.8138236876625234,1,318.2722058662287,inactive
112.89742588550166,1,1,0.680505515253789,1,460.3919186358662,inactive
120.42514370163855,2,0,0.8951711075995201,1,478.7849001620359,inactive
125.09387206154514,1,0,0.7996795787365327,1,316.5553285075373,inactive
179.75606707521172,4,1,0.7695080479723694,1,175.09421720918212,inactive
179.1503713257512,4,0,0.676134790038019,0,90.37540141211036,inactive
155.72195079515808,1,1,0.9247226873403546,0,427.441798277432,inactive
184.62233795028968,2,0,0.9943072998342964,1,398.6397722556737,inactive
156.3859107763161,2,1,0.922038924816454,0,385.71125815781704,inactive
135.67269744137775,1,1,0.6250027766041643,1,543.3887253349363,inactive
214.59115162839407,4,1,0.8538976564416119,1,251.69577682619123,inactive
104.34838380975783,2,1,0.838573581850264,0,398.55901031385116,inactive
145.3395848661207,3,0,0.986908476148119,0,549.7202743860678,inactive
213.88482137161003,4,1,0.7198674735365963,1,79.33787464603031,inactive
224.22013259177052,4,1,0.7786905874810562,1,333.63521168029376,inactive
39.959465736574614,4,1,0.6088343381204718,0,363.55097981243443,inactive
180.1072926114423,2,1,0.8202641836946257,1,121.88018973923423,inactive
226.3123515592512,4,1,0.7673164444373943,0,289.1186515147141,inactive
199.98019602824635,2,0,0.9589589273286345,1,100.08339037805254,inactive
87.37502174442191,4,0,0.8221989120678526,0,453.8876978578917,inactive
184.1368580596846,3,0,0.9107193748834523,0,244.59199019044732,inactive
103.72602679445436,3,1,0.8959471306401614,0,438.5766276391521,inactive
237.36386933521825,1,1,0.6846983448209678,0,385.5760812531774,inactive
177.24742600496452,2,1,0.9714387526122553,0,375.30289064952973,inactive
173.54610717529738,2,1,0.97206608114502,1,287.4109117690987,inactive
152.8356261128826,2,1,0.6405519369879454,0,165.59526543516182,inactive
162.4443996457278,4,0,0.8402332787948544,0,16.552606185577076,inactive
191.3229993839406,1,1,0.8330744586218332,0,451.77706254591226,inactive
153.07932565628616,2,1,0.6768093476545378,0,318.610908857924,inactive
132.04004123504424,4,0,0.763155843402912,1,298.18769843442783,inactive
159.715280526011,2,0,0.9220697589441507,1,0.0,inactive
127.79951522201252,1,1,0.9424004299572611,1,499.62108630516167,inactive
167.7409495384966,2,1,0.9731470760506532,1,44.6806940192418,inactive
89.40302898519789,2,1,0.9345662386319427,0,179.8399514400264,inactive
66.88752720575212,3,1,0.604801210909073,0,251.9553293195037,inactive
126.08958668894286,3,1,0.8691023944987696,0,325.34994904667303,inactive
245.63064659070898,2,0,0.7933992340427215,0,356.56381406137143,inactive
178.05987472475948,4,1,0.9382669396395086,1,419.0413030554318,inactive
150.90523410707476,4,1,0.6247786074315952,1,89.16554192155701,inactive
207.93403427717107,1,1,0.7699814076249721,0,274.886369747461,inactive
197.10178899078343,2,0,0.7686850470103666,1,268.1132058017148,inactive
190.02650820633374,1,1,0.8615147004497846,1,348.55476630223495,inactive
122.85427754823587,4,0,0.6397978675491859,1,252.26437083860696,inactive
178.2818357653628,1,1,0.8068837710774117,1,712.2967401725831,inactive
120.85390342719293,3,1,0.9031106241500632,1,622.2724273723163,inactive
111.99456988465971,2,0,0.8189298737357944,1,270.19723305765564,inactive
85.36452850358108,1,0,0.9408193663218771,0,344.94715317560224,inactive
160.5281169198704,2,0,0.8973740695824777,1,237.6467699565656,inactive
204.80174644683962,2,0,0.8732457142892186,1,55.06832422644413,inactive
133.4153700089211,3,1,0.8984718554209089,0,441.6009213992237,inactive
188.47948756287366,1,0,0.959699567315681,0,264.44820449810584,inactive
113.3641042480112,3,1,0.7905289408827617,0,129.22723650934756,inactive
180.54790863392188,3,0,0.6736179088200854,0,469.10610156683344,inactive
100.58547893310191,4,1,0.977683535338443,0,219.1178976290632,inactive
135.47533355377735,1,0,0.9938617910363359,1,0.0,inactive
165.93775453426727,2,0,0.6035108847791718,1,365.5846646320561,inactive
153.1801892947079,4,0,0.8153452408404092,1,309.8025894146645,inactive
203.95521388485113,3,0,0.9907862184506491,1,524.6547774062194,inactive
106.05518299288751,2,1,0.7102267105236714,0,513.0756430906595,inactive
172.43570890727224,1,1,0.99900725246907,0,111.99132431637679,inactive
175.97458737350107,1,0,0.7548892564840828,0,421.68052917940105,inactive
109.76585741004143,2,1,0.8515491587952702,0,43.6035457063432,inactive
141.98589688823344,3,1,0.6875086833643519,0,334.7763138202272,inactive
175.76759442150203,1,0,0.6533377869265481,1,65.31254608296862,inactive
116.37570290121425,4,1,0.7199717589892265,1,412.4924955976868,inactive
208.32817953549613,1,1,0.9815780849975104,1,125.48075521500124,inactive
188.31166457891624,3,1,0.8391232053606056,1,331.14050271009387,inactive
175.44621940157742,3,1,0.9735911896578077,1,56.469992340239116,inactive
138.72790477253105,3,0,0.9916127363166669,0,314.7747522037021,inactive
196.3693660113682,1,1,0.7438879447641078,0,307.06075302118313,inactive
165.2523844905914,4,1,0.7900433459727342,1,346.7479284007168,inactive
214.76037149149204,1,1,0.9454564209668624,1,276.8078787679641,inactive
119.36760079765155,3,0,0.7668657115902808,0,294.82173002530334,inactive
137.45034890582838,2,0,0.6248820366102764,0,363.02299409794296,inactive
150.5131457417474,3,0,0.7877627367957032,0,371.97405530502493,inactive
197.7664073009783,2,1,0.8052759566839319,1,534.8059011876974,inactive
143.8875553173056,3,0,0.6664739998438997,1,526.2371104777503,inactive
195.66515457317956,3,1,0.7826922371543361,0,233.67675446452196,inactive
222.53630794061692,4,1,0.6200701401279896,1,248.56817076636537,inactive
201.1449555220459,1,0,0.6188233517840075,1,398.04403319804476,inactive
146.08676751600225,1,1,0.7713407202275385,0,133.80874936275063,inactive
170.60218505409335,1,1,0.8438023564019933,1,38.36368095910689,inactive
